sequenceContext,contextFrequencyNNNN,234349291
NNNT,25
NNTA,12
NTAA,6
TAAC,8335515
AACC,9200907
ACCC,8323249
CCCT,11093879
CCTA,8147380
CTAA,11127237
CCCA,14924218
CCAA,12673266
CAAC,8925114
CCCC,8844855
ACCT,11303036
TAAA,23501103
AAAC,15990677
CTAC,7633796
TACC,6834436
CCTC,13624181
CTCG,2321532
TCGC,1473274
CGCG,725721
GCGG,2054015
CGGT,1437773
GGTA,6838089
GTAC,5047055
CTCA,15703662
TCAG,14484301
CAGC,13356252
AGCC,11567792
GCCG,2037060
CCGG,2297198
CGGC,2037882
GGCC,8350582
GCCC,7937106
CCCG,2738995
CCGC,2055755
CGCC,2701392
CGGG,2739846
GGGT,8341223
GGTC,6292717
GTCT,10742161
TCTG,16133543
CTGA,14461288
TGAC,8992000
GACC,6287241
CCTG,15881277
TGAG,15719481
GAGG,13601576
AGGA,15873332
GGAG,14060198
GAGA,16007745
AGAA,22390906
GAAC,8375937
AACT,13338566
ACTG,12607683
CTGT,15057105
TGTG,16083128
GTGC,8035799
TGCT,13875602
GCTC,8615826
CTCC,14059165
TCCG,1685678
GCCT,12545533
CCTT,13189240
CTTC,13375553
TTCA,18066699
CAGA,16104776
AGAG,16072587
GAGT,9931955
AGTA,10800152
ACCA,12190406
CCAC,11551316
CACC,10932901
ACCG,1438795
CCGA,1730239
CGAA,1555192
GAAA,21299192
AAAT,28842671
AATC,11653898
ATCT,14054854
TGCA,14288784
GCAG,12581946
GGAC,6314943
GACA,10627204
ACAA,15905531
AACG,1690622
ACGC,1622820
CGCA,1625132
AGCT,12810808
GGTG,10934423
CTCT,16083109
TCTC,16019800
GCTG,13374159
GCAA,10863343
ACTC,9907662
CCGT,1817336
CGTT,1695020
GTTG,8972551
TTGC,10893396
CAAA,20748918
AAAG,20715869
AAGG,13159029
AGGC,12516272
GGCG,2702918
GCGC,1655892
CAGG,15867157
AGAC,10717596
ACAC,11391239
CACA,16015589
ACAT,15289085
CATG,13693488
ATGC,9706181
GCTA,7542781
CTAG,7772070
TAGC,7547550
AGCG,1757805
GCGT,1629769
CGTC,1511741
GTCG,988260
TCGG,1733941
GGGG,8848333
GTGG,11572191
TGGA,14114180
CGTG,2746675
TGGC,11544565
GTCC,6315258
TCCA,14073562
CCAG,15870828
AGGG,11095183
GCAC,8016696
GACG,1509077
CAAG,12326167
AAGC,10464564
TACG,1244766
ACGG,1815383
GGGC,7938520
GGTT,9229346
TTGG,12719815
TGGG,14953176
GTGT,11437007
TGTT,17496002
GAGC,8626667
AGCA,13858629
AAGT,14084384
AGTC,8589686
CACG,2737233
GGCT,11567142
CTGG,15888690
GGGA,12508458
TCAC,11993715
ACGT,2151075
GTCA,9000846
GTAG,7649820
TAGA,11796190
CAGT,12625400
GTAA,10139316
TAAT,17004116
ATCC,9403161
AAAA,44199920
GGAT,9423827
GATC,7127585
ATCG,1458076
TCGA,1512838
CGAC,984660
CTTG,12356259
GCTT,10476276
GGCA,11416597
CACT,13267243
ACTA,9398769
TACA,13562429
ACAG,15016512
CGCT,1755495
TGCC,11433502
GCCA,11533565
CTGC,12589576
GCGA,1473831
GACT,8585678
TAGG,8158792
TCTT,19396007
CTTA,10629512
TTAG,11150822
AGTG,13295220
TGGT,12213815
TTAC,10157072
TACT,10807666
TGTA,13582041
GTAT,9630052
TATA,16933203
ATAG,10347445
TAGT,9417622
CATT,16871121
ATTG,12141530
TCCT,15899630
TCAA,14652640
AGGT,11301768
AACA,17397145
CGGA,1685035
GATT,11683349
ATTA,16999035
TTAT,19201713
GGAA,14382039
GCAT,9727156
CATA,11644714
ATAT,19847859
TATG,11659236
GTTT,16063194
TTTG,20841295
AATA,21315290
ATGG,12645039
ATTC,13329922
TTCC,14378021
TTTA,23566172
TTAA,19045923
ATAA,19152242
ATGT,15317581
AATT,21456762
ATTT,28904869
TTGT,16001861
GTGA,12014447
TGAA,18049779
TGAT,13290256
CCAT,12626342
CATC,10336941
ATCA,13263129
GAAT,13334764
GTTC,8398113
TTCT,22451173
TATC,9060840
TCCC,12496733
CAAT,12094582
AATG,16850188
TGTC,10652380
TCTA,11781948
TTTC,21345822
ACTT,14085039
CTTT,20785232
TTTT,44413163
GAAG,13368145
AGAT,14053824
TATT,21364128
GATG,10345109
ATGA,14879218
TTGA,14696561
TGCG,1627066
AGTT,13374306
ACGA,1592419
CGAG,2315678
TCAT,14903682
TTCG,1553400
TCGT,1601215
GTTA,8360811
ATAC,9611371
AAGA,19326202
TAAG,10623986
GATA,9065714
CGAT,1453798
CTAT,10337781
CGTA,1245960
TTCN,119
TCNN,171
CNNN,187
NNNG,189
NNGA,179
NGAT,54
GATN,2
ATNN,3
TNNN,42
ATCN,50
NGAA,123
GCCN,4
CCNN,13
NNNA,45
NNAG,8
NAGC,1
TCCN,4
NTAC,3
TTTN,7
TTNN,26
NGAC,2
CGAN,1
GANN,2
ANNN,21
NNTG,6
NTGG,5
NNAC,9
NACA,3
GCTN,6
CTNN,9
NNGT,4
NGTA,1
CTTN,12
ACCN,4
NNAA,20
NAAC,1
TGGN,4
GGNN,13
GNNN,38
ATGN,2
TGNN,9
NNAT,9
NATC,6
NAGG,5
AGAN,1
GGGN,7
NNNC,29
NNCG,4
NCGT,1
AGGN,4
ATAN,5
TANN,5
NNTT,4
NTTT,1
NTTA,1
GCGN,3
CGNN,4
NAGT,5
TGTN,3
GTNT,2
TNTG,2
AAAN,3
AANN,8
NNCC,7
NCCT,4
CATN,3
ATNA,1
TNAA,2
NAAA,7
GTNA,1
TNAG,3
GGNC,2
GNCA,2
NCAT,2
NNTC,5
NTCA,6
NCGA,2
NATA,1
CAGN,6
AGNN,12
NACC,5
NNCT,12
NCTA,6
TTGN,2
NTCC,2
AACN,4
ACNT,1
CNTC,1
ATNT,2
TNTC,3
CTGN,5
TGNC,1
GNCT,1
NCTT,6
CNNG,1
NNGC,2
NGCT,1
ATTN,8
NNCA,7
NCAC,1
GTCN,2
NCCC,6
NNGG,4
NGGA,3
ACAN,3
CANN,7
NTTC,2
TAAN,4
NAAT,6
NTGA,2
CGGN,3
GTGN,3
GGNA,1
GNAG,1
TAGN,4
GGTN,4
GTNN,6
NGGG,3
TCAN,4
NAAG,11
NGTC,3
CAAN,2
ACTN,2
NCAA,3
NGCA,2
CCTN,4
NAGA,1
GTTN,5
CANC,2
ANCC,3
TNNT,2
NTAT,2
GNCC,1
AANC,2
TGNT,2
GNTN,1
NTNT,1
NTGC,3
GACN,1
ACNA,1
CNAA,3
GCAN,3
CANG,1
ANGA,1
CCAN,2
NCAG,4
GAAN,1
AATN,1
GGNG,2
GNGG,1
NGGT,1
CANA,1
ANAT,1
NATT,4
NCCA,3
NCTG,2
NCTC,1
NCGG,2
CTCN,2
TCNA,2
ANNA,1
GAGN,3
ACNN,3
TTAN,1
AGTN,2
NACT,2
CNAG,1
CTNC,3
TNCG,1
GGAN,1
GANT,1
ANTG,2
CTNG,1
TNGG,1
TTNT,1
CTNA,1
NAGN,1
NTAG,1
TANA,1
ANAC,1
TNNC,1
TTNC,2
TNCT,2
NCTN,1
TTNA,2
TTNG,1
TNGA,1
NGAG,2
CACN,1
ACGN,1
GNTC,1
TNTN,1
NTNN,1
NNGN,1
NGNN,1
GNNC,1
NNCN,1
NCNA,1
CANT,1
TGCN,1
GCNG,1
CNGG,1
TNCA,1
CCNA,1
CNAT,1
AGNC,1
AGNG,1
GNGT,1
NTCT,2
ACNC,1
CNCC,1
GNGC,1
ANCT,1
TCTN,1
TNCC,1
NGTG,1
CGCN,1
GCNN,1
CCCN,2
